Region,Codigo region,Comuna,Codigo comuna,Poblacion,Fecha,Casos confirmados
Arica y Parinacota,15,Arica,15101,247552.0,2020-03-30,6.0
Tarapacá,01,Alto Hospicio,01107,129999.0,2020-03-30,0.0
Tarapacá,01,Iquique,01101,223463.0,2020-03-30,5.0
Antofagasta,02,Antofagasta,02101,425725.0,2020-03-30,29.0
Antofagasta,02,Calama,02201,190336.0,2020-03-30,0.0
Antofagasta,02,Tocopilla,02301,28079.0,2020-03-30,0.0
Atacama,03,Copiapo,03101,171766.0,2020-03-30,0.0
Coquimbo,04,Monte Patria,04303,32527.0,2020-03-30,0.0
Atacama,03,Vallenar,03301,57009.0,2020-03-30,0.0
Coquimbo,04,Coquimbo,04102,256735.0,2020-03-30,17.0
Coquimbo,04,Illapel,04201,32801.0,2020-03-30,0.0
Coquimbo,04,La Serena,04101,249656.0,2020-03-30,0.0
Coquimbo,04,Los Vilos,04203,23374.0,2020-03-30,0.0
Coquimbo,04,Ovalle,04301,121269.0,2020-03-30,4.0
Coquimbo,04,Salamanca,04204,29110.0,2020-03-30,0.0
Coquimbo,04,Vicuna,04106,29741.0,2020-03-30,0.0
Valparaíso,05,Cabildo,05402,20663.0,2020-03-30,0.0
Valparaíso,05,Calera,05502,53591.0,2020-03-30,6.0
Valparaíso,05,Cartagena,05603,25357.0,2020-03-30,0.0
Valparaíso,05,Casablanca,05102,29170.0,2020-03-30,0.0
Valparaíso,05,La Cruz,05504,25321.0,2020-03-30,0.0
Valparaíso,05,Concon,05103,45889.0,2020-03-30,0.0
Valparaíso,05,Quillota,05501,97572.0,2020-03-30,6.0
Valparaíso,05,La Ligua,05401,37739.0,2020-03-30,0.0
Valparaíso,05,Limache,05802,49931.0,2020-03-30,0.0
Valparaíso,05,Llaillay,05703,26533.0,2020-03-30,0.0
Valparaíso,05,Los Andes,05301,68093.0,2020-03-30,0.0
Valparaíso,05,Nogales,05506,23490.0,2020-03-30,0.0
Valparaíso,05,Puchuncavi,05105,20071.0,2020-03-30,0.0
Valparaíso,05,San Felipe,05701,83494.0,2020-03-30,0.0
Valparaíso,05,Quilpue,05801,167085.0,2020-03-30,11.0
Valparaíso,05,Quintero,05107,36135.0,2020-03-30,0.0
Valparaíso,05,San Antonio,05601,96761.0,2020-03-30,0.0
Valparaíso,05,San Esteban,05304,20643.0,2020-03-30,0.0
Metropolitana,13,Buin,13402,109641.0,2020-03-30,7.0
Valparaíso,05,Valparaiso,05101,315732.0,2020-03-30,16.0
Valparaíso,05,Villa Alemana,05804,139310.0,2020-03-30,6.0
Valparaíso,05,Vina del Mar,05109,361371.0,2020-03-30,29.0
Metropolitana,13,La Florida,13110,402433.0,2020-03-30,43.0
Metropolitana,13,Calera de Tango,13403,28525.0,2020-03-30,6.0
Metropolitana,13,Cerrillos,13102,88956.0,2020-03-30,0.0
Metropolitana,13,Cerro Navia,13103,142465.0,2020-03-30,19.0
Metropolitana,13,Colina,13301,180353.0,2020-03-30,32.0
Metropolitana,13,Conchali,13104,139195.0,2020-03-30,14.0
Metropolitana,13,Curacavi,13503,36430.0,2020-03-30,5.0
Metropolitana,13,El Bosque,13105,172000.0,2020-03-30,18.0
Metropolitana,13,El Monte,13602,40014.0,2020-03-30,0.0
Metropolitana,13,Estacion Central,13106,206792.0,2020-03-30,16.0
Metropolitana,13,Huechuraba,13107,112528.0,2020-03-30,17.0
Metropolitana,13,Independencia,13108,142065.0,2020-03-30,15.0
Metropolitana,13,Isla de Maipo,13603,40171.0,2020-03-30,0.0
Metropolitana,13,La Cisterna,13109,100434.0,2020-03-30,10.0
Metropolitana,13,Macul,13118,134635.0,2020-03-30,10.0
Metropolitana,13,La Granja,13111,122557.0,2020-03-30,5.0
Metropolitana,13,La Pintana,13112,189335.0,2020-03-30,0.0
Metropolitana,13,La Reina,13113,100252.0,2020-03-30,24.0
Metropolitana,13,Lampa,13302,126898.0,2020-03-30,10.0
Metropolitana,13,Las Condes,13114,330759.0,2020-03-30,181.0
Metropolitana,13,Lo Barnechea,13115,124076.0,2020-03-30,68.0
Metropolitana,13,Lo Espejo,13116,103865.0,2020-03-30,4.0
Metropolitana,13,Lo Prado,13117,104403.0,2020-03-30,14.0
Metropolitana,13,Providencia,13123,157749.0,2020-03-30,82.0
Metropolitana,13,Maipu,13119,578605.0,2020-03-30,43.0
Metropolitana,13,Melipilla,13501,141612.0,2020-03-30,6.0
Metropolitana,13,Nunoa,13120,250192.0,2020-03-30,67.0
Metropolitana,13,Padre Hurtado,13604,74188.0,2020-03-30,10.0
Metropolitana,13,Paine,13404,82766.0,2020-03-30,0.0
Metropolitana,13,Pedro Aguirre Cerda,13121,107803.0,2020-03-30,7.0
Metropolitana,13,Penaflor,13605,101058.0,2020-03-30,10.0
Metropolitana,13,Penalolen,13122,266798.0,2020-03-30,31.0
Metropolitana,13,Pirque,13202,30433.0,2020-03-30,0.0
Metropolitana,13,Recoleta,13127,190075.0,2020-03-30,17.0
Metropolitana,13,Pudahuel,13124,253139.0,2020-03-30,17.0
Metropolitana,13,Puente Alto,13201,645909.0,2020-03-30,45.0
Metropolitana,13,Quilicura,13125,254694.0,2020-03-30,17.0
Metropolitana,13,Quinta Normal,13126,136368.0,2020-03-30,21.0
Metropolitana,13,San Ramon,13131,86510.0,2020-03-30,0.0
Metropolitana,13,Renca,13128,160847.0,2020-03-30,9.0
Metropolitana,13,San Bernardo,13401,334836.0,2020-03-30,32.0
Metropolitana,13,San Joaquin,13129,103485.0,2020-03-30,13.0
Metropolitana,13,San Miguel,13130,133059.0,2020-03-30,25.0
Metropolitana,13,Vitacura,13132,96774.0,2020-03-30,83.0
Metropolitana,13,Santiago,13101,503147.0,2020-03-30,127.0
Metropolitana,13,Talagante,13601,81838.0,2020-03-30,0.0
Metropolitana,13,Tiltil,13303,21477.0,2020-03-30,0.0
O’Higgins,06,Chimbarongo,06303,37696.0,2020-03-30,0.0
O’Higgins,06,Donihue,06105,22700.0,2020-03-30,0.0
O’Higgins,06,Coltauco,06104,21263.0,2020-03-30,0.0
O’Higgins,06,Graneros,06106,36504.0,2020-03-30,0.0
O’Higgins,06,Las Cabras,06107,26749.0,2020-03-30,0.0
O’Higgins,06,Machali,06108,59913.0,2020-03-30,0.0
O’Higgins,06,Mostazal,06110,27462.0,2020-03-30,0.0
O’Higgins,06,Pichidegua,06113,20743.0,2020-03-30,0.0
O’Higgins,06,Rancagua,06101,265211.0,2020-03-30,7.0
O’Higgins,06,Rengo,06115,63710.0,2020-03-30,0.0
O’Higgins,06,Requinoa,06116,30371.0,2020-03-30,0.0
O’Higgins,06,San Fernando,06301,78642.0,2020-03-30,0.0
O’Higgins,06,San Vicente,06117,50617.0,2020-03-30,0.0
O’Higgins,06,Santa Cruz,06310,41096.0,2020-03-30,0.0
Maule,07,Cauquenes,07201,44143.0,2020-03-30,0.0
Maule,07,Colbun,07402,22565.0,2020-03-30,0.0
Maule,07,Constitucion,07102,50348.0,2020-03-30,0.0
Maule,07,Curico,07301,163626.0,2020-03-30,6.0
Maule,07,Linares,07401,101073.0,2020-03-30,4.0
Maule,07,Longavi,07403,32810.0,2020-03-30,0.0
Maule,07,Maule,07105,60000.0,2020-03-30,0.0
Maule,07,Molina,07304,49800.0,2020-03-30,0.0
Maule,07,Parral,07404,44544.0,2020-03-30,4.0
Maule,07,Retiro,07405,21071.0,2020-03-30,0.0
Maule,07,San Clemente,07109,46292.0,2020-03-30,0.0
Maule,07,San Javier,07406,49451.0,2020-03-30,0.0
Maule,07,Talca,07101,236724.0,2020-03-30,34.0
Maule,07,Teno,07308,30850.0,2020-03-30,0.0
Ñuble,16,Bulnes,16102,22607.0,2020-03-30,12.0
Ñuble,16,Chillan,16101,198624.0,2020-03-30,114.0
Ñuble,16,Chillan Viejo,16103,33827.0,2020-03-30,13.0
Ñuble,16,Coihueco,16302,28375.0,2020-03-30,0.0
Ñuble,16,San Carlos,16301,56252.0,2020-03-30,8.0
Biobío,08,Los Alamos,08206,22524.0,2020-03-30,0.0
Biobío,08,Arauco,08202,38679.0,2020-03-30,0.0
Biobío,08,Cabrero,08303,30725.0,2020-03-30,0.0
Biobío,08,Canete,08203,37003.0,2020-03-30,0.0
Biobío,08,Chiguayante,08103,91180.0,2020-03-30,6.0
Biobío,08,Concepcion,08101,238092.0,2020-03-30,28.0
Biobío,08,Coronel,08102,125829.0,2020-03-30,0.0
Biobío,08,Curanilahue,08205,33892.0,2020-03-30,0.0
Biobío,08,Hualpen,08112,97273.0,2020-03-30,0.0
Biobío,08,Hualqui,08105,26201.0,2020-03-30,0.0
Biobío,08,Laja,08304,23873.0,2020-03-30,0.0
Biobío,08,Lebu,08201,27100.0,2020-03-30,0.0
Biobío,08,Los Angeles,08301,218515.0,2020-03-30,11.0
Biobío,08,Lota,08106,45750.0,2020-03-30,0.0
Biobío,08,Mulchen,08305,31041.0,2020-03-30,0.0
Biobío,08,Nacimiento,08306,27944.0,2020-03-30,0.0
Biobío,08,Penco,08107,49865.0,2020-03-30,0.0
Biobío,08,San Pedro de la Paz,08108,145906.0,2020-03-30,18.0
Biobío,08,Talcahuano,08110,158345.0,2020-03-30,0.0
Biobío,08,Tome,08111,58729.0,2020-03-30,4.0
Biobío,08,Yumbel,08313,22132.0,2020-03-30,5.0
Araucanía,09,Angol,09201,56058.0,2020-03-30,7.0
Araucanía,09,Carahue,09102,25486.0,2020-03-30,0.0
Araucanía,09,Collipulli,09202,26148.0,2020-03-30,0.0
Araucanía,09,Freire,09105,25446.0,2020-03-30,0.0
Araucanía,09,Pucon,09115,29782.0,2020-03-30,0.0
Araucanía,09,Lautaro,09108,40746.0,2020-03-30,0.0
Araucanía,09,Loncoche,09109,24739.0,2020-03-30,0.0
Araucanía,09,Nueva Imperial,09111,33777.0,2020-03-30,0.0
Araucanía,09,Padre Las Casas,09112,82110.0,2020-03-30,9.0
Araucanía,09,Pitrufquen,09114,26096.0,2020-03-30,4.0
Araucanía,09,Temuco,09101,302931.0,2020-03-30,154.0
Araucanía,09,Victoria,09211,35467.0,2020-03-30,5.0
Araucanía,09,Vilcun,09119,30766.0,2020-03-30,4.0
Araucanía,09,Villarrica,09120,59103.0,2020-03-30,
Los Ríos,14,Valdivia,14101,176774.0,2020-03-30,12.0
Los Ríos,14,La Union,14201,39538.0,2020-03-30,0.0
Los Ríos,14,Los Lagos,14104,20518.0,2020-03-30,0.0
Los Ríos,14,Mariquina,14106,23250.0,2020-03-30,0.0
Los Ríos,14,Paillaco,14107,20798.0,2020-03-30,0.0
Los Ríos,14,Panguipulli,14108,35991.0,2020-03-30,0.0
Los Ríos,14,Rio Bueno,14204,32925.0,2020-03-30,0.0
Los Lagos,10,Ancud,10202,42458.0,2020-03-30,0.0
Los Lagos,10,Calbuco,10102,36744.0,2020-03-30,4.0
Los Lagos,10,Castro,10201,47607.0,2020-03-30,0.0
Los Lagos,10,Frutillar,10105,20223.0,2020-03-30,0.0
Los Lagos,10,Osorno,10301,173410.0,2020-03-30,66.0
Los Lagos,10,Puerto Montt,10101,269398.0,2020-03-30,34.0
Los Lagos,10,Puerto Varas,10109,48620.0,2020-03-30,0.0
Los Lagos,10,Purranque,10303,21080.0,2020-03-30,0.0
Los Lagos,10,Quellon,10208,29309.0,2020-03-30,0.0
Aysén,11,Aysen,11201,25002.0,2020-03-30,0.0
Aysén,11,Coyhaique,11101,61210.0,2020-03-30,0.0
Magallanes,12,Natales,12401,23782.0,2020-03-30,0.0
Magallanes,12,Punta Arenas,12101,141984.0,2020-03-30,29.0
Tarapacá,01,Iquique,01101,223463.0,2020-04-01,9.0
Arica y Parinacota,15,Arica,15101,247552.0,2020-04-01,6.0
Tarapacá,01,Alto Hospicio,01107,129999.0,2020-04-01,0.0
Antofagasta,02,Antofagasta,02101,425725.0,2020-04-01,32.0
Antofagasta,02,Calama,02201,190336.0,2020-04-01,0.0
Antofagasta,02,Tocopilla,02301,28079.0,2020-04-01,0.0
Atacama,03,Copiapo,03101,171766.0,2020-04-01,0.0
Coquimbo,04,Illapel,04201,32801.0,2020-04-01,0.0
Atacama,03,Vallenar,03301,57009.0,2020-04-01,0.0
Coquimbo,04,Coquimbo,04102,256735.0,2020-04-01,19.0
Coquimbo,04,Salamanca,04204,29110.0,2020-04-01,0.0
Coquimbo,04,La Serena,04101,249656.0,2020-04-01,0.0
Coquimbo,04,Los Vilos,04203,23374.0,2020-04-01,0.0
Coquimbo,04,Monte Patria,04303,32527.0,2020-04-01,0.0
Coquimbo,04,Ovalle,04301,121269.0,2020-04-01,4.0
Valparaíso,05,Cartagena,05603,25357.0,2020-04-01,0.0
Coquimbo,04,Vicuna,04106,29741.0,2020-04-01,0.0
Valparaíso,05,Cabildo,05402,20663.0,2020-04-01,0.0
Valparaíso,05,Calera,05502,53591.0,2020-04-01,6.0
Valparaíso,05,Casablanca,05102,29170.0,2020-04-01,0.0
Valparaíso,05,Concon,05103,45889.0,2020-04-01,0.0
Valparaíso,05,La Cruz,05504,25321.0,2020-04-01,0.0
Valparaíso,05,La Ligua,05401,37739.0,2020-04-01,0.0
Valparaíso,05,Limache,05802,49931.0,2020-04-01,0.0
Valparaíso,05,Llaillay,05703,26533.0,2020-04-01,0.0
Valparaíso,05,Los Andes,05301,68093.0,2020-04-01,0.0
Valparaíso,05,Nogales,05506,23490.0,2020-04-01,0.0
Valparaíso,05,Quilpue,05801,167085.0,2020-04-01,10.0
Valparaíso,05,Puchuncavi,05105,20071.0,2020-04-01,0.0
Valparaíso,05,Quillota,05501,97572.0,2020-04-01,7.0
Valparaíso,05,Valparaiso,05101,315732.0,2020-04-01,26.0
Valparaíso,05,Quintero,05107,36135.0,2020-04-01,0.0
Valparaíso,05,San Antonio,05601,96761.0,2020-04-01,4.0
Valparaíso,05,San Esteban,05304,20643.0,2020-04-01,0.0
Valparaíso,05,San Felipe,05701,83494.0,2020-04-01,0.0
Valparaíso,05,Villa Alemana,05804,139310.0,2020-04-01,8.0
Valparaíso,05,Vina del Mar,05109,361371.0,2020-04-01,38.0
Metropolitana,13,Cerrillos,13102,88956.0,2020-04-01,4.0
Metropolitana,13,Buin,13402,109641.0,2020-04-01,8.0
Metropolitana,13,Calera de Tango,13403,28525.0,2020-04-01,7.0
Metropolitana,13,Colina,13301,180353.0,2020-04-01,39.0
Metropolitana,13,Cerro Navia,13103,142465.0,2020-04-01,21.0
Metropolitana,13,El Bosque,13105,172000.0,2020-04-01,28.0
Metropolitana,13,Conchali,13104,139195.0,2020-04-01,18.0
Metropolitana,13,Curacavi,13503,36430.0,2020-04-01,5.0
Metropolitana,13,Isla de Maipo,13603,40171.0,2020-04-01,0.0
Metropolitana,13,El Monte,13602,40014.0,2020-04-01,0.0
Metropolitana,13,Estacion Central,13106,206792.0,2020-04-01,22.0
Metropolitana,13,Huechuraba,13107,112528.0,2020-04-01,19.0
Metropolitana,13,Independencia,13108,142065.0,2020-04-01,17.0
Metropolitana,13,La Granja,13111,122557.0,2020-04-01,8.0
Metropolitana,13,La Cisterna,13109,100434.0,2020-04-01,12.0
Metropolitana,13,La Florida,13110,402433.0,2020-04-01,58.0
Metropolitana,13,La Reina,13113,100252.0,2020-04-01,26.0
Metropolitana,13,La Pintana,13112,189335.0,2020-04-01,10.0
Metropolitana,13,Lampa,13302,126898.0,2020-04-01,10.0
Metropolitana,13,Providencia,13123,157749.0,2020-04-01,87.0
Metropolitana,13,Las Condes,13114,330759.0,2020-04-01,208.0
Metropolitana,13,Lo Barnechea,13115,124076.0,2020-04-01,78.0
Metropolitana,13,Lo Espejo,13116,103865.0,2020-04-01,7.0
Metropolitana,13,Lo Prado,13117,104403.0,2020-04-01,18.0
Metropolitana,13,Macul,13118,134635.0,2020-04-01,15.0
Metropolitana,13,Maipu,13119,578605.0,2020-04-01,55.0
Metropolitana,13,Melipilla,13501,141612.0,2020-04-01,8.0
Metropolitana,13,Nunoa,13120,250192.0,2020-04-01,84.0
Metropolitana,13,Padre Hurtado,13604,74188.0,2020-04-01,11.0
Metropolitana,13,Paine,13404,82766.0,2020-04-01,0.0
Metropolitana,13,Pedro Aguirre Cerda,13121,107803.0,2020-04-01,13.0
Metropolitana,13,Penaflor,13605,101058.0,2020-04-01,13.0
Metropolitana,13,Penalolen,13122,266798.0,2020-04-01,46.0
Metropolitana,13,Pirque,13202,30433.0,2020-04-01,0.0
Metropolitana,13,Vitacura,13132,96774.0,2020-04-01,90.0
Metropolitana,13,Pudahuel,13124,253139.0,2020-04-01,25.0
Metropolitana,13,Puente Alto,13201,645909.0,2020-04-01,58.0
Metropolitana,13,Quilicura,13125,254694.0,2020-04-01,29.0
Metropolitana,13,Quinta Normal,13126,136368.0,2020-04-01,25.0
Metropolitana,13,Recoleta,13127,190075.0,2020-04-01,23.0
Metropolitana,13,Renca,13128,160847.0,2020-04-01,14.0
Metropolitana,13,San Bernardo,13401,334836.0,2020-04-01,41.0
Metropolitana,13,San Joaquin,13129,103485.0,2020-04-01,24.0
Metropolitana,13,San Miguel,13130,133059.0,2020-04-01,32.0
Metropolitana,13,San Ramon,13131,86510.0,2020-04-01,6.0
Metropolitana,13,Santiago,13101,503147.0,2020-04-01,156.0
Metropolitana,13,Talagante,13601,81838.0,2020-04-01,5.0
Metropolitana,13,Tiltil,13303,21477.0,2020-04-01,0.0
O’Higgins,06,Machali,06108,59913.0,2020-04-01,6.0
O’Higgins,06,Chimbarongo,06303,37696.0,2020-04-01,0.0
O’Higgins,06,Coltauco,06104,21263.0,2020-04-01,0.0
O’Higgins,06,Donihue,06105,22700.0,2020-04-01,0.0
O’Higgins,06,Graneros,06106,36504.0,2020-04-01,0.0
O’Higgins,06,Las Cabras,06107,26749.0,2020-04-01,0.0
O’Higgins,06,Requinoa,06116,30371.0,2020-04-01,0.0
O’Higgins,06,Mostazal,06110,27462.0,2020-04-01,0.0
O’Higgins,06,Pichidegua,06113,20743.0,2020-04-01,0.0
O’Higgins,06,Rancagua,06101,265211.0,2020-04-01,7.0
O’Higgins,06,Rengo,06115,63710.0,2020-04-01,0.0
Maule,07,Molina,07304,49800.0,2020-04-01,0.0
O’Higgins,06,San Fernando,06301,78642.0,2020-04-01,4.0
O’Higgins,06,San Vicente,06117,50617.0,2020-04-01,0.0
O’Higgins,06,Santa Cruz,06310,41096.0,2020-04-01,0.0
Maule,07,Cauquenes,07201,44143.0,2020-04-01,0.0
Maule,07,Colbun,07402,22565.0,2020-04-01,4.0
Maule,07,Constitucion,07102,50348.0,2020-04-01,0.0
Maule,07,Curico,07301,163626.0,2020-04-01,8.0
Maule,07,Linares,07401,101073.0,2020-04-01,6.0
Maule,07,Longavi,07403,32810.0,2020-04-01,0.0
Maule,07,Maule,07105,60000.0,2020-04-01,0.0
Maule,07,Parral,07404,44544.0,2020-04-01,0.0
Maule,07,Retiro,07405,21071.0,2020-04-01,0.0
Maule,07,San Clemente,07109,46292.0,2020-04-01,0.0
Maule,07,San Javier,07406,49451.0,2020-04-01,0.0
Maule,07,Talca,07101,236724.0,2020-04-01,37.0
Maule,07,Teno,07308,30850.0,2020-04-01,0.0
Ñuble,16,Bulnes,16102,22607.0,2020-04-01,18.0
Ñuble,16,Chillan,16101,198624.0,2020-04-01,173.0
Ñuble,16,Chillan Viejo,16103,33827.0,2020-04-01,22.0
Ñuble,16,Coihueco,16302,28375.0,2020-04-01,0.0
Ñuble,16,San Carlos,16301,56252.0,2020-04-01,13.0
Biobío,08,Cabrero,08303,30725.0,2020-04-01,0.0
Biobío,08,Arauco,08202,38679.0,2020-04-01,5.0
Biobío,08,Laja,08304,23873.0,2020-04-01,0.0
Biobío,08,Canete,08203,37003.0,2020-04-01,0.0
Biobío,08,Chiguayante,08103,91180.0,2020-04-01,18.0
Biobío,08,Concepcion,08101,238092.0,2020-04-01,47.0
Biobío,08,Coronel,08102,125829.0,2020-04-01,11.0
Biobío,08,Curanilahue,08205,33892.0,2020-04-01,0.0
Biobío,08,Hualpen,08112,97273.0,2020-04-01,39.0
Biobío,08,Hualqui,08105,26201.0,2020-04-01,0.0
Biobío,08,San Pedro de la Paz,08108,145906.0,2020-04-01,50.0
Biobío,08,Lebu,08201,27100.0,2020-04-01,0.0
Biobío,08,Los Alamos,08206,22524.0,2020-04-01,0.0
Biobío,08,Los Angeles,08301,218515.0,2020-04-01,15.0
Biobío,08,Lota,08106,45750.0,2020-04-01,0.0
Biobío,08,Mulchen,08305,31041.0,2020-04-01,5.0
Biobío,08,Nacimiento,08306,27944.0,2020-04-01,0.0
Biobío,08,Penco,08107,49865.0,2020-04-01,0.0
Biobío,08,Yumbel,08313,22132.0,2020-04-01,5.0
Biobío,08,Talcahuano,08110,158345.0,2020-04-01,23.0
Biobío,08,Tome,08111,58729.0,2020-04-01,6.0
Araucanía,09,Angol,09201,56058.0,2020-04-01,13.0
Araucanía,09,Carahue,09102,25486.0,2020-04-01,0.0
Araucanía,09,Collipulli,09202,26148.0,2020-04-01,0.0
Araucanía,09,Freire,09105,25446.0,2020-04-01,0.0
Araucanía,09,Lautaro,09108,40746.0,2020-04-01,8.0
Araucanía,09,Loncoche,09109,24739.0,2020-04-01,0.0
Araucanía,09,Nueva Imperial,09111,33777.0,2020-04-01,0.0
Araucanía,09,Padre Las Casas,09112,82110.0,2020-04-01,14.0
Araucanía,09,Pitrufquen,09114,26096.0,2020-04-01,6.0
Araucanía,09,Pucon,09115,29782.0,2020-04-01,0.0
Araucanía,09,Temuco,09101,302931.0,2020-04-01,225.0
Araucanía,09,Victoria,09211,35467.0,2020-04-01,7.0
Araucanía,09,Vilcun,09119,30766.0,2020-04-01,5.0
Araucanía,09,Villarrica,09120,59103.0,2020-04-01,4.0
Los Ríos,14,La Union,14201,39538.0,2020-04-01,9.0
Los Ríos,14,Los Lagos,14104,20518.0,2020-04-01,0.0
Los Ríos,14,Mariquina,14106,23250.0,2020-04-01,0.0
Los Ríos,14,Paillaco,14107,20798.0,2020-04-01,0.0
Los Ríos,14,Panguipulli,14108,35991.0,2020-04-01,0.0
Los Ríos,14,Rio Bueno,14204,32925.0,2020-04-01,0.0
Los Ríos,14,Valdivia,14101,176774.0,2020-04-01,45.0
Los Lagos,10,Ancud,10202,42458.0,2020-04-01,0.0
Los Lagos,10,Calbuco,10102,36744.0,2020-04-01,5.0
Los Lagos,10,Castro,10201,47607.0,2020-04-01,0.0
Los Lagos,10,Frutillar,10105,20223.0,2020-04-01,0.0
Los Lagos,10,Osorno,10301,173410.0,2020-04-01,120.0
Los Lagos,10,Puerto Montt,10101,269398.0,2020-04-01,44.0
Los Lagos,10,Puerto Varas,10109,48620.0,2020-04-01,0.0
Los Lagos,10,Purranque,10303,21080.0,2020-04-01,0.0
Los Lagos,10,Quellon,10208,29309.0,2020-04-01,0.0
Aysén,11,Aysen,11201,25002.0,2020-04-01,0.0
Aysén,11,Coyhaique,11101,61210.0,2020-04-01,0.0
Magallanes,12,Natales,12401,23782.0,2020-04-01,4.0
Magallanes,12,Punta Arenas,12101,141984.0,2020-04-01,87.0
Arica y Parinacota,15,Arica,15101,247552.0,2020-04-03,12.0
Tarapacá,01,Alto Hospicio,01107,129999.0,2020-04-03,0.0
Tarapacá,01,Iquique,01101,223463.0,2020-04-03,10.0
Antofagasta,02,Antofagasta,02101,425725.0,2020-04-03,44.0
Antofagasta,02,Calama,02201,190336.0,2020-04-03,5.0
Antofagasta,02,Tocopilla,02301,28079.0,2020-04-03,0.0
Atacama,03,Copiapo,03101,171766.0,2020-04-03,4.0
Atacama,03,Vallenar,03301,57009.0,2020-04-03,0.0
Valparaíso,05,Cabildo,05402,20663.0,2020-04-03,0.0
Coquimbo,04,Coquimbo,04102,256735.0,2020-04-03,19.0
Coquimbo,04,Illapel,04201,32801.0,2020-04-03,0.0
Coquimbo,04,La Serena,04101,249656.0,2020-04-03,8.0
Coquimbo,04,Los Vilos,04203,23374.0,2020-04-03,0.0
Coquimbo,04,Monte Patria,04303,32527.0,2020-04-03,0.0
Coquimbo,04,Ovalle,04301,121269.0,2020-04-03,4.0
Coquimbo,04,Salamanca,04204,29110.0,2020-04-03,0.0
Coquimbo,04,Vicuna,04106,29741.0,2020-04-03,0.0
Valparaíso,05,Los Andes,05301,68093.0,2020-04-03,0.0
Valparaíso,05,Calera,05502,53591.0,2020-04-03,7.0
Valparaíso,05,Cartagena,05603,25357.0,2020-04-03,0.0
Valparaíso,05,Casablanca,05102,29170.0,2020-04-03,0.0
Valparaíso,05,Concon,05103,45889.0,2020-04-03,7.0
Valparaíso,05,La Cruz,05504,25321.0,2020-04-03,0.0
Valparaíso,05,La Ligua,05401,37739.0,2020-04-03,0.0
Valparaíso,05,Limache,05802,49931.0,2020-04-03,0.0
Valparaíso,05,Llaillay,05703,26533.0,2020-04-03,0.0
Valparaíso,05,Nogales,05506,23490.0,2020-04-03,0.0
Valparaíso,05,Puchuncavi,05105,20071.0,2020-04-03,0.0
Valparaíso,05,Quillota,05501,97572.0,2020-04-03,9.0
Valparaíso,05,Quilpue,05801,167085.0,2020-04-03,11.0
Valparaíso,05,Quintero,05107,36135.0,2020-04-03,0.0
Valparaíso,05,San Antonio,05601,96761.0,2020-04-03,8.0
Valparaíso,05,San Esteban,05304,20643.0,2020-04-03,0.0
Valparaíso,05,San Felipe,05701,83494.0,2020-04-03,5.0
Metropolitana,13,Conchali,13104,139195.0,2020-04-03,22.0
Valparaíso,05,Valparaiso,05101,315732.0,2020-04-03,23.0
Valparaíso,05,Villa Alemana,05804,139310.0,2020-04-03,11.0
Valparaíso,05,Vina del Mar,05109,361371.0,2020-04-03,47.0
Metropolitana,13,Buin,13402,109641.0,2020-04-03,14.0
Metropolitana,13,Calera de Tango,13403,28525.0,2020-04-03,7.0
Metropolitana,13,Cerrillos,13102,88956.0,2020-04-03,4.0
Metropolitana,13,Cerro Navia,13103,142465.0,2020-04-03,26.0
Metropolitana,13,Colina,13301,180353.0,2020-04-03,47.0
Metropolitana,13,La Granja,13111,122557.0,2020-04-03,16.0
Metropolitana,13,Curacavi,13503,36430.0,2020-04-03,5.0
Metropolitana,13,El Bosque,13105,172000.0,2020-04-03,35.0
Metropolitana,13,El Monte,13602,40014.0,2020-04-03,0.0
Metropolitana,13,Estacion Central,13106,206792.0,2020-04-03,25.0
Metropolitana,13,Huechuraba,13107,112528.0,2020-04-03,22.0
Metropolitana,13,Independencia,13108,142065.0,2020-04-03,22.0
Metropolitana,13,Isla de Maipo,13603,40171.0,2020-04-03,0.0
Metropolitana,13,La Cisterna,13109,100434.0,2020-04-03,12.0
Metropolitana,13,La Florida,13110,402433.0,2020-04-03,67.0
Metropolitana,13,Macul,13118,134635.0,2020-04-03,23.0
Metropolitana,13,La Pintana,13112,189335.0,2020-04-03,13.0
Metropolitana,13,La Reina,13113,100252.0,2020-04-03,30.0
Metropolitana,13,Lampa,13302,126898.0,2020-04-03,13.0
Metropolitana,13,Las Condes,13114,330759.0,2020-04-03,224.0
Metropolitana,13,Lo Barnechea,13115,124076.0,2020-04-03,85.0
Metropolitana,13,Lo Espejo,13116,103865.0,2020-04-03,9.0
Metropolitana,13,Lo Prado,13117,104403.0,2020-04-03,20.0
Metropolitana,13,Penalolen,13122,266798.0,2020-04-03,54.0
Metropolitana,13,Maipu,13119,578605.0,2020-04-03,64.0
Metropolitana,13,Melipilla,13501,141612.0,2020-04-03,9.0
Metropolitana,13,Nunoa,13120,250192.0,2020-04-03,93.0
Metropolitana,13,Padre Hurtado,13604,74188.0,2020-04-03,14.0
Metropolitana,13,Paine,13404,82766.0,2020-04-03,0.0
Metropolitana,13,Pedro Aguirre Cerda,13121,107803.0,2020-04-03,13.0
Metropolitana,13,Penaflor,13605,101058.0,2020-04-03,13.0
Metropolitana,13,Quinta Normal,13126,136368.0,2020-04-03,35.0
Metropolitana,13,Pirque,13202,30433.0,2020-04-03,0.0
Metropolitana,13,Providencia,13123,157749.0,2020-04-03,94.0
Metropolitana,13,Pudahuel,13124,253139.0,2020-04-03,32.0
Metropolitana,13,Puente Alto,13201,645909.0,2020-04-03,76.0
Metropolitana,13,Quilicura,13125,254694.0,2020-04-03,33.0
Metropolitana,13,Santiago,13101,503147.0,2020-04-03,173.0
Metropolitana,13,Recoleta,13127,190075.0,2020-04-03,32.0
Metropolitana,13,Renca,13128,160847.0,2020-04-03,18.0
Metropolitana,13,San Bernardo,13401,334836.0,2020-04-03,53.0
Metropolitana,13,San Joaquin,13129,103485.0,2020-04-03,28.0
Metropolitana,13,San Miguel,13130,133059.0,2020-04-03,39.0
Metropolitana,13,San Ramon,13131,86510.0,2020-04-03,9.0
Metropolitana,13,Talagante,13601,81838.0,2020-04-03,6.0
Metropolitana,13,Tiltil,13303,21477.0,2020-04-03,0.0
Metropolitana,13,Vitacura,13132,96774.0,2020-04-03,100.0
O’Higgins,06,Chimbarongo,06303,37696.0,2020-04-03,0.0
O’Higgins,06,Coltauco,06104,21263.0,2020-04-03,0.0
O’Higgins,06,Donihue,06105,22700.0,2020-04-03,0.0
O’Higgins,06,Graneros,06106,36504.0,2020-04-03,0.0
O’Higgins,06,Las Cabras,06107,26749.0,2020-04-03,0.0
O’Higgins,06,Machali,06108,59913.0,2020-04-03,7.0
O’Higgins,06,Mostazal,06110,27462.0,2020-04-03,0.0
O’Higgins,06,Pichidegua,06113,20743.0,2020-04-03,0.0
O’Higgins,06,San Vicente,06117,50617.0,2020-04-03,4.0
O’Higgins,06,Rancagua,06101,265211.0,2020-04-03,9.0
O’Higgins,06,Rengo,06115,63710.0,2020-04-03,0.0
O’Higgins,06,Requinoa,06116,30371.0,2020-04-03,0.0
O’Higgins,06,San Fernando,06301,78642.0,2020-04-03,4.0
Maule,07,Cauquenes,07201,44143.0,2020-04-03,0.0
O’Higgins,06,Santa Cruz,06310,41096.0,2020-04-03,0.0
Maule,07,Linares,07401,101073.0,2020-04-03,10.0
Maule,07,Colbun,07402,22565.0,2020-04-03,4.0
Maule,07,Constitucion,07102,50348.0,2020-04-03,0.0
Maule,07,Curico,07301,163626.0,2020-04-03,11.0
Maule,07,Longavi,07403,32810.0,2020-04-03,0.0
Maule,07,Maule,07105,60000.0,2020-04-03,0.0
Maule,07,Molina,07304,49800.0,2020-04-03,0.0
Maule,07,Parral,07404,44544.0,2020-04-03,0.0
Maule,07,Teno,07308,30850.0,2020-04-03,0.0
Maule,07,Retiro,07405,21071.0,2020-04-03,0.0
Maule,07,San Clemente,07109,46292.0,2020-04-03,0.0
Maule,07,San Javier,07406,49451.0,2020-04-03,0.0
Maule,07,Talca,07101,236724.0,2020-04-03,42.0
Ñuble,16,Bulnes,16102,22607.0,2020-04-03,32.0
Ñuble,16,Chillan,16101,198624.0,2020-04-03,240.0
Ñuble,16,Chillan Viejo,16103,33827.0,2020-04-03,26.0
Ñuble,16,Coihueco,16302,28375.0,2020-04-03,0.0
Ñuble,16,San Carlos,16301,56252.0,2020-04-03,13.0
Biobío,08,Concepcion,08101,238092.0,2020-04-03,53.0
Biobío,08,Arauco,08202,38679.0,2020-04-03,6.0
Biobío,08,Cabrero,08303,30725.0,2020-04-03,0.0
Biobío,08,Canete,08203,37003.0,2020-04-03,0.0
Biobío,08,Chiguayante,08103,91180.0,2020-04-03,26.0
Biobío,08,Coronel,08102,125829.0,2020-04-03,12.0
Biobío,08,Curanilahue,08205,33892.0,2020-04-03,0.0
Biobío,08,Lebu,08201,27100.0,2020-04-03,0.0
Biobío,08,Hualpen,08112,97273.0,2020-04-03,50.0
Biobío,08,Hualqui,08105,26201.0,2020-04-03,0.0
Biobío,08,Laja,08304,23873.0,2020-04-03,0.0
Biobío,08,Nacimiento,08306,27944.0,2020-04-03,0.0
Biobío,08,Los Alamos,08206,22524.0,2020-04-03,0.0
Biobío,08,Los Angeles,08301,218515.0,2020-04-03,12.0
Biobío,08,Lota,08106,45750.0,2020-04-03,0.0
Biobío,08,Mulchen,08305,31041.0,2020-04-03,5.0
Biobío,08,San Pedro de la Paz,08108,145906.0,2020-04-03,56.0
Biobío,08,Penco,08107,49865.0,2020-04-03,0.0
Biobío,08,Talcahuano,08110,158345.0,2020-04-03,29.0
Biobío,08,Tome,08111,58729.0,2020-04-03,9.0
Biobío,08,Yumbel,08313,22132.0,2020-04-03,5.0
Araucanía,09,Angol,09201,56058.0,2020-04-03,12.0
Araucanía,09,Carahue,09102,25486.0,2020-04-03,0.0
Araucanía,09,Collipulli,09202,26148.0,2020-04-03,0.0
Araucanía,09,Freire,09105,25446.0,2020-04-03,5.0
Araucanía,09,Lautaro,09108,40746.0,2020-04-03,10.0
